<?xml version="1.0" encoding="UTF-8"?><ValueSet xmlns="http://hl7.org/fhir"><id value="tanp-taskvalues"/><text><status value="generated"/><div xmlns="http://www.w3.org/1999/xhtml"><ul><li>Include these codes as defined in <a href="CodeSystem-tanp-codes.html"><code>https://www.twiin.nl/tanp/CodeSystem/tanp-codes</code></a><table class="none"><tr><td style="white-space:nowrap"><b>Code</b></td><td><b>Display</b></td></tr><tr><td><a href="CodeSystem-tanp-codes.html#tanp-codes-pull-notification">pull-notification</a></td><td>Pull Notification</td></tr></table></li></ul></div></text><url value="https://www.twiin.nl/tanp/ValueSet/tanp-taskvalues"/><version value="0.1.0"/><name value="TanpTaskValues"/><title value="TA Notified Pull Notification Task"/><status value="draft"/><experimental value="true"/><date value="2024-05-10T11:59:16+02:00"/><publisher value="Example Publisher"/><contact><name value="Example Publisher"/><telecom><system value="url"/><value value="http://example.org/example-publisher"/></telecom></contact><description value="The codes for the TA Notified Pull Notification Task"/><compose><include><system value="https://www.twiin.nl/tanp/CodeSystem/tanp-codes"/><concept><code value="pull-notification"/><display value="Pull Notification"/></concept></include></compose></ValueSet>