<?xml version="1.0" encoding="UTF-8"?>

<Patient xmlns="http://hl7.org/fhir">
  <id value="SomePatient"/>
  <text>
    <status value="generated"/><div xmlns="http://www.w3.org/1999/xhtml"><p style="border: 1px #661aff solid; background-color: #e6e6ff; padding: 10px;"><b>Teun Test </b> (no stated gender), DoB Unknown ( <code>http://example.com/fhir/NamingSystem/bsn</code>/172642863)</p><hr/></div>
  </text>
  <identifier>
    <system value="http://example.com/fhir/NamingSystem/bsn"/>
    <value value="172642863"/>
  </identifier>
  <name>
    <family value="Test"/>
    <given value="Teun"/>
  </name>
</Patient>