<?xml version="1.0" encoding="UTF-8"?>

<Observation xmlns="http://hl7.org/fhir">
  <id value="SomeObservation"/>
  <text>
    <status value="generated"/><div xmlns="http://www.w3.org/1999/xhtml"><p><b>Generated Narrative: Observation</b><a name="SomeObservation"> </a><a name="hcSomeObservation"> </a></p><div style="display: inline-block; background-color: #d9e0e7; padding: 6px; margin: 4px; border: 1px solid #8da1b4; border-radius: 5px; line-height: 60%"><p style="margin-bottom: 0px">Resource Observation &quot;SomeObservation&quot; </p></div><p><b>status</b>: final</p><p><b>code</b>: Glucose [Moles/volume] in Blood <span style="background: LightGoldenRodYellow; margin: 4px; border: 1px solid khaki"> (<a href="https://loinc.org/">LOINC</a>#15074-8)</span></p><p><b>subject</b>: <a href="Patient-SomePatient.html">Patient/SomePatient</a> &quot; TEST&quot;</p><p><b>effective</b>: 2023-04-13 15:01:54+0200</p><p><b>value</b>: 6.3 mmol/L</p></div>
  </text>
  <status value="final"/>
  <code>
    <coding>
      <system value="http://loinc.org"/>
      <code value="15074-8"/>
      <display value="Glucose [Moles/volume] in Blood"/>
    </coding>
  </code>
  <subject>
    <reference value="Patient/SomePatient"/>
  </subject>
  <effectiveDateTime value="2023-04-13T15:01:54+02:00"/>
  <valueQuantity>
    <value value="6.3"/>
    <unit value="mmol/L"/>
    <system value="http://unitsofmeasure.org"/>
  </valueQuantity>
</Observation>