<?xml version="1.0" encoding="UTF-8"?>

<Task xmlns="http://hl7.org/fhir">
  <id value="AdditionalTask"/>
  <meta>
    <profile value="https://www.twiin.nl/tanp/StructureDefinition/tanp-task"/>
  </meta>
  <text>
    <status value="generated"/><div xmlns="http://www.w3.org/1999/xhtml"><p><b>Generated Narrative: Task</b><a name="AdditionalTask"> </a><a name="hcAdditionalTask"> </a></p><div style="display: inline-block; background-color: #d9e0e7; padding: 6px; margin: 4px; border: 1px solid #8da1b4; border-radius: 5px; line-height: 60%"><p style="margin-bottom: 0px">Resource Task &quot;AdditionalTask&quot; </p><p style="margin-bottom: 0px">Profile: <a href="StructureDefinition-tanp-task.html">TA Notified Pull Notification Task</a></p></div><p><b>identifier</b>: <a href="http://terminology.hl7.org/5.5.0/NamingSystem-uri.html" title="As defined by RFC 3986 (http://www.ietf.org/rfc/rfc3986.txt)(with many schemes defined in many RFCs). For OIDs and UUIDs, use the URN form (urn:oid:(note: lowercase) and urn:uuid:). See http://www.ietf.org/rfc/rfc3001.txt and http://www.ietf.org/rfc/rfc4122.txt 

This oid is used as an identifier II.root to indicate the the extension is an absolute URI (technically, an IRI). Typically, this is used for OIDs and GUIDs. Note that when this OID is used with OIDs and GUIDs, the II.extension should start with urn:oid or urn:uuid: 

Note that this OID is created to aid with interconversion between CDA and FHIR - FHIR uses urn:ietf:rfc:3986 as equivalent to this OID. URIs as identifiers appear more commonly in FHIR.

This OID may also be used in CD.codeSystem.">Uniform Resource Identifier (URI)</a>/urn:uuid:6128cfe7-0e89-4d37-ba90-e4ca3b3fcbbe</p><p><b>groupIdentifier</b>: <a href="http://terminology.hl7.org/5.5.0/NamingSystem-uri.html" title="As defined by RFC 3986 (http://www.ietf.org/rfc/rfc3986.txt)(with many schemes defined in many RFCs). For OIDs and UUIDs, use the URN form (urn:oid:(note: lowercase) and urn:uuid:). See http://www.ietf.org/rfc/rfc3001.txt and http://www.ietf.org/rfc/rfc4122.txt 

This oid is used as an identifier II.root to indicate the the extension is an absolute URI (technically, an IRI). Typically, this is used for OIDs and GUIDs. Note that when this OID is used with OIDs and GUIDs, the II.extension should start with urn:oid or urn:uuid: 

Note that this OID is created to aid with interconversion between CDA and FHIR - FHIR uses urn:ietf:rfc:3986 as equivalent to this OID. URIs as identifiers appear more commonly in FHIR.

This OID may also be used in CD.codeSystem.">Uniform Resource Identifier (URI)</a>/urn:uuid:484639e6-e647-464c-8722-6e8a73cda4e0</p><p><b>status</b>: requested</p><p><b>intent</b>: proposal</p><p><b>code</b>: Pull Notification <span style="background: LightGoldenRodYellow; margin: 4px; border: 1px solid khaki"> (<a href="CodeSystem-tanp-codes.html">TA Notified Pull CodeSystem</a>#pull-notification)</span></p><p><b>for</b>: <span><code>http://fhir.nl/fhir/NamingSystem/bsn</code>/172642863</span></p><p><b>authoredOn</b>: 2023-04-13 15:01:54+0200</p><p><b>requester</b>: <span><code>http://example.com/fhir/NamingSystem/dummy</code>/sending-ehr-system-id</span></p><p><b>owner</b>: <span><code>http://example.com/fhir/NamingSystem/dummy</code>/receiving-organization-id</span></p><h3>Restrictions</h3><table class="grid"><tr><td style="display: none">-</td><td><b>Period</b></td></tr><tr><td style="display: none">*</td><td>?? --&gt; 2023-10-14 15:36:05+0200</td></tr></table><blockquote><p><b>input</b></p><p><b>type</b>: Authorization Base <span style="background: LightGoldenRodYellow; margin: 4px; border: 1px solid khaki"> (<a href="CodeSystem-tanp-codes.html">TA Notified Pull CodeSystem</a>#authorization-base)</span></p><p><b>value</b>: ZGFhNDFjY2MtZGFmMi00YjZkLThiNDYtN2JlZDk1MWEyYzk2</p></blockquote><blockquote><p><b>input</b></p><p><b>type</b>: Patient demographics panel <span style="background: LightGoldenRodYellow; margin: 4px; border: 1px solid khaki"> (<a href="https://loinc.org/">LOINC</a>#79191-3)</span></p><p><b>value</b>: Patient?_include=Patient:general-practitioner</p></blockquote><blockquote><p><b>input</b></p><p><b>type</b>: Payment sources Document <span style="background: LightGoldenRodYellow; margin: 4px; border: 1px solid khaki"> (<a href="https://loinc.org/">LOINC</a>#48768-6)</span></p><p><b>value</b>: Coverage?_include=Coverage:payor:Organization&amp;_include=Coverage:payor:Patient</p></blockquote><blockquote><p><b>input</b></p><p><b>type</b>: Treatment instructions <span style="background: LightGoldenRodYellow; margin: 4px; border: 1px solid khaki"> (<a href="https://browser.ihtsdotools.org/">SNOMED CT</a>#11291000146105)</span></p><p><b>value</b>: Consent?category=http%3A%2F%2Fsnomed.info%2Fsct%7C11291000146105</p></blockquote><blockquote><p><b>input</b></p><p><b>type</b>: Living will and advance directive record <span style="background: LightGoldenRodYellow; margin: 4px; border: 1px solid khaki"> (<a href="https://browser.ihtsdotools.org/">SNOMED CT</a>#11341000146107)</span></p><p><b>value</b>: Consent?category=http%3A%2F%2Fsnomed.info%2Fsct%7C11341000146107</p></blockquote><blockquote><p><b>input</b></p><p><b>type</b>: Functional status assessment note <span style="background: LightGoldenRodYellow; margin: 4px; border: 1px solid khaki"> (<a href="https://loinc.org/">LOINC</a>#47420-5)</span></p><p><b>value</b>: Observation/$lastn?category=http%3A%2F%2Fsnomed.info%2Fsct%7C118228005,http%3A%2F%2Fsnomed.info%2Fsct%7C384821006</p></blockquote><blockquote><p><b>input</b></p><p><b>type</b>: Problem list - Reported <span style="background: LightGoldenRodYellow; margin: 4px; border: 1px solid khaki"> (<a href="https://loinc.org/">LOINC</a>#11450-4)</span></p><p><b>value</b>: Condition</p></blockquote><blockquote><p><b>input</b></p><p><b>type</b>: Residence and accommodation circumstances - finding <span style="background: LightGoldenRodYellow; margin: 4px; border: 1px solid khaki"> (<a href="https://browser.ihtsdotools.org/">SNOMED CT</a>#365508006)</span></p><p><b>value</b>: Observation/$lastn?code=http%3A%2F%2Fsnomed.info%2Fsct%7C365508006</p></blockquote><blockquote><p><b>input</b></p><p><b>type</b>: Finding relating to drug misuse behavior <span style="background: LightGoldenRodYellow; margin: 4px; border: 1px solid khaki"> (<a href="https://browser.ihtsdotools.org/">SNOMED CT</a>#228366006)</span></p><p><b>value</b>: Observation?code=http%3A%2F%2Fsnomed.info%2Fsct%7C228366006</p></blockquote><blockquote><p><b>input</b></p><p><b>type</b>: Finding relating to alcohol drinking behavior <span style="background: LightGoldenRodYellow; margin: 4px; border: 1px solid khaki"> (<a href="https://browser.ihtsdotools.org/">SNOMED CT</a>#228273003)</span></p><p><b>value</b>: Observation?code=http%3A%2F%2Fsnomed.info%2Fsct%7C228273003</p></blockquote><blockquote><p><b>input</b></p><p><b>type</b>: Finding of tobacco use and exposure <span style="background: LightGoldenRodYellow; margin: 4px; border: 1px solid khaki"> (<a href="https://browser.ihtsdotools.org/">SNOMED CT</a>#365980008)</span></p><p><b>value</b>: Observation?code=http%3A%2F%2Fsnomed.info%2Fsct%7C365980008</p></blockquote><blockquote><p><b>input</b></p><p><b>type</b>: Diet education <span style="background: LightGoldenRodYellow; margin: 4px; border: 1px solid khaki"> (<a href="https://browser.ihtsdotools.org/">SNOMED CT</a>#11816003)</span></p><p><b>value</b>: NutritionOrder</p></blockquote><blockquote><p><b>input</b></p><p><b>type</b>: Health concerns Document <span style="background: LightGoldenRodYellow; margin: 4px; border: 1px solid khaki"> (<a href="https://loinc.org/">LOINC</a>#75310-3)</span></p><p><b>value</b>: Flag</p></blockquote><blockquote><p><b>input</b></p><p><b>type</b>: Allergies and adverse reactions Document <span style="background: LightGoldenRodYellow; margin: 4px; border: 1px solid khaki"> (<a href="https://loinc.org/">LOINC</a>#48765-2)</span></p><p><b>value</b>: AllergyIntolerance</p></blockquote><blockquote><p><b>input</b></p><p><b>type</b>: Medication regimen behavior finding <span style="background: LightGoldenRodYellow; margin: 4px; border: 1px solid khaki"> (<a href="https://browser.ihtsdotools.org/">SNOMED CT</a>#422979000)</span></p><p><b>value</b>: MedicationStatement?category=urn:oid:2.16.840.1.113883.2.4.3.11.60.20.77.5.3|6&amp;_include=MedicationStatement:medication</p></blockquote><blockquote><p><b>input</b></p><p><b>type</b>: Prescription <span style="background: LightGoldenRodYellow; margin: 4px; border: 1px solid khaki"> (<a href="https://browser.ihtsdotools.org/">SNOMED CT</a>#16076005)</span></p><p><b>value</b>: MedicationRequest?category=http%3A%2F%2Fsnomed.info%2Fsct%7C16076005&amp;_include=MedicationRequest:medication</p></blockquote><blockquote><p><b>input</b></p><p><b>type</b>: Provider medication administration instructions <span style="background: LightGoldenRodYellow; margin: 4px; border: 1px solid khaki"> (<a href="https://browser.ihtsdotools.org/">SNOMED CT</a>#422037009)</span></p><p><b>value</b>: MedicationDispense?category=http%3A%2F%2Fsnomed.info%2Fsct%7C422037009&amp;_include=MedicationDispense:medication</p></blockquote><blockquote><p><b>input</b></p><p><b>type</b>: History of medical device use <span style="background: LightGoldenRodYellow; margin: 4px; border: 1px solid khaki"> (<a href="https://loinc.org/">LOINC</a>#46264-8)</span></p><p><b>value</b>: DeviceUseStatement?_include=DeviceUseStatement:device</p></blockquote><blockquote><p><b>input</b></p><p><b>type</b>: History of Immunization Narrative <span style="background: LightGoldenRodYellow; margin: 4px; border: 1px solid khaki"> (<a href="https://loinc.org/">LOINC</a>#11369-6)</span></p><p><b>value</b>: Immunization?status=completed</p></blockquote><blockquote><p><b>input</b></p><p><b>type</b>: Blood pressure panel with all children optional <span style="background: LightGoldenRodYellow; margin: 4px; border: 1px solid khaki"> (<a href="https://loinc.org/">LOINC</a>#85354-9)</span></p><p><b>value</b>: Observation/$lastn?code=http://loinc.org|85354-9</p></blockquote><blockquote><p><b>input</b></p><p><b>type</b>: Body weight <span style="background: LightGoldenRodYellow; margin: 4px; border: 1px solid khaki"> (<a href="https://loinc.org/">LOINC</a>#29463-7)</span></p><p><b>value</b>: Observation/$lastn?code=http://loinc.org|29463-7</p></blockquote><blockquote><p><b>input</b></p><p><b>type</b>: Body height <span style="background: LightGoldenRodYellow; margin: 4px; border: 1px solid khaki"> (<a href="https://loinc.org/">LOINC</a>#8302-2)</span></p><p><b>value</b>: Observation/$lastn?code=http://loinc.org|8302-2,http://loinc.org|8306-3,http://loinc.org|8308-9</p></blockquote><blockquote><p><b>input</b></p><p><b>type</b>: Laboratory test <span style="background: LightGoldenRodYellow; margin: 4px; border: 1px solid khaki"> (<a href="https://browser.ihtsdotools.org/">SNOMED CT</a>#15220000)</span></p><p><b>value</b>: Observation/$lastn?category=http%3A%2F%2Fsnomed.info%2Fsct%7C275711006&amp;_include=Observation:related-target&amp;_include=Observation:specimen</p></blockquote><blockquote><p><b>input</b></p><p><b>type</b>: History of Procedures Document <span style="background: LightGoldenRodYellow; margin: 4px; border: 1px solid khaki"> (<a href="https://loinc.org/">LOINC</a>#47519-4)</span></p><p><b>value</b>: Procedure?category=http%3A%2F%2Fsnomed.info%2Fsct%7C387713003</p></blockquote><blockquote><p><b>input</b></p><p><b>type</b>: History of Hospitalizations+Outpatient visits Narrative <span style="background: LightGoldenRodYellow; margin: 4px; border: 1px solid khaki"> (<a href="https://loinc.org/">LOINC</a>#46240-8)</span></p><p><b>value</b>: Encounter?class=http%3A%2F%hl7.org%2Ffhir%2Fv3%2FActCode%7CIMP,http%3A%2F%hl7.org%2Ffhir%2Fv3%2FActCode%7CACUTE,http%3A%2F%hl7.org%2Ffhir%2Fv3%2FActCode%7CNONAC</p></blockquote><blockquote><p><b>input</b></p><p><b>type</b>: Plan of care note <span style="background: LightGoldenRodYellow; margin: 4px; border: 1px solid khaki"> (<a href="https://loinc.org/">LOINC</a>#18776-5)</span></p><p><b>value</b>: ProcedureRequest?status=active</p></blockquote><blockquote><p><b>input</b></p><p><b>type</b>: Plan of care note <span style="background: LightGoldenRodYellow; margin: 4px; border: 1px solid khaki"> (<a href="https://loinc.org/">LOINC</a>#18776-5)</span></p><p><b>value</b>: ImmunizationRecommendation</p></blockquote><blockquote><p><b>input</b></p><p><b>type</b>: Plan of care note <span style="background: LightGoldenRodYellow; margin: 4px; border: 1px solid khaki"> (<a href="https://loinc.org/">LOINC</a>#18776-5)</span></p><p><b>value</b>: DeviceRequest?status=active&amp;_include=DeviceRequest:device</p></blockquote><blockquote><p><b>input</b></p><p><b>type</b>: Plan of care note <span style="background: LightGoldenRodYellow; margin: 4px; border: 1px solid khaki"> (<a href="https://loinc.org/">LOINC</a>#18776-5)</span></p><p><b>value</b>: Appointment?status=booked,pending,proposed</p></blockquote><blockquote><p><b>input</b></p><p><b>type</b>: Additional documentation <span style="background: LightGoldenRodYellow; margin: 4px; border: 1px solid khaki"> (<a href="https://loinc.org/">LOINC</a>#77599-9)</span></p><p><b>value</b>: DocumentReference?status=current</p></blockquote></div>
  </text>
  <identifier>
    <system value="urn:ietf:rfc:3986"/>
    <value value="urn:uuid:6128cfe7-0e89-4d37-ba90-e4ca3b3fcbbe"/>
  </identifier>
  <groupIdentifier>
    <system value="urn:ietf:rfc:3986"/>
    <value value="urn:uuid:484639e6-e647-464c-8722-6e8a73cda4e0"/>
  </groupIdentifier>
  <status value="requested"/>
  <intent value="proposal"/>
  <code>
    <coding>
      <system value="https://www.twiin.nl/tanp/CodeSystem/tanp-codes"/>
      <code value="pull-notification"/>
    </coding>
  </code>
  <for>
    <identifier>
      <system value="http://fhir.nl/fhir/NamingSystem/bsn"/>
      <value value="172642863"/>
    </identifier>
  </for>
  <authoredOn value="2023-04-13T15:01:54+02:00"/>
  <requester>
    <identifier>
      <system value="http://example.com/fhir/NamingSystem/dummy"/>
      <value value="sending-ehr-system-id"/>
    </identifier>
  </requester>
  <owner>
    <identifier>
      <system value="http://example.com/fhir/NamingSystem/dummy"/>
      <value value="receiving-organization-id"/>
    </identifier>
  </owner>
  <restriction>
    <period>
      <end value="2023-10-14T15:36:05+02:00"/>
    </period>
  </restriction>
  <input>
    <type>
      <coding>
        <system value="https://www.twiin.nl/tanp/CodeSystem/tanp-codes"/>
        <code value="authorization-base"/>
      </coding>
    </type>
    <valueString value="ZGFhNDFjY2MtZGFmMi00YjZkLThiNDYtN2JlZDk1MWEyYzk2"/>
  </input>
  <input>
    <type>
      <coding>
        <system value="http://loinc.org"/>
        <code value="79191-3"/>
        <display value="Patient demographics panel"/>
      </coding>
    </type>
    <valueString value="Patient?_include=Patient:general-practitioner"/>
  </input>
  <input>
    <type>
      <coding>
        <system value="http://loinc.org"/>
        <code value="48768-6"/>
        <display value="Payment sources Document"/>
      </coding>
    </type>
    <valueString value="Coverage?_include=Coverage:payor:Organization&amp;_include=Coverage:payor:Patient"/>
  </input>
  <input>
    <type>
      <coding>
        <system value="http://snomed.info/sct"/>
        <code value="11291000146105"/>
        <display value="Treatment instructions"/>
      </coding>
    </type>
    <valueString value="Consent?category=http%3A%2F%2Fsnomed.info%2Fsct%7C11291000146105"/>
  </input>
  <input>
    <type>
      <coding>
        <system value="http://snomed.info/sct"/>
        <code value="11341000146107"/>
        <display value="Living will and advance directive record"/>
      </coding>
    </type>
    <valueString value="Consent?category=http%3A%2F%2Fsnomed.info%2Fsct%7C11341000146107"/>
  </input>
  <input>
    <type>
      <coding>
        <system value="http://loinc.org"/>
        <code value="47420-5"/>
        <display value="Functional status assessment note"/>
      </coding>
    </type>
    <valueString value="Observation/$lastn?category=http%3A%2F%2Fsnomed.info%2Fsct%7C118228005,http%3A%2F%2Fsnomed.info%2Fsct%7C384821006"/>
  </input>
  <input>
    <type>
      <coding>
        <system value="http://loinc.org"/>
        <code value="11450-4"/>
        <display value="Problem list - Reported"/>
      </coding>
    </type>
    <valueString value="Condition"/>
  </input>
  <input>
    <type>
      <coding>
        <system value="http://snomed.info/sct"/>
        <code value="365508006"/>
        <display value="Residence and accommodation circumstances - finding"/>
      </coding>
    </type>
    <valueString value="Observation/$lastn?code=http%3A%2F%2Fsnomed.info%2Fsct%7C365508006"/>
  </input>
  <input>
    <type>
      <coding>
        <system value="http://snomed.info/sct"/>
        <code value="228366006"/>
        <display value="Finding relating to drug misuse behavior"/>
      </coding>
    </type>
    <valueString value="Observation?code=http%3A%2F%2Fsnomed.info%2Fsct%7C228366006"/>
  </input>
  <input>
    <type>
      <coding>
        <system value="http://snomed.info/sct"/>
        <code value="228273003"/>
        <display value="Finding relating to alcohol drinking behavior"/>
      </coding>
    </type>
    <valueString value="Observation?code=http%3A%2F%2Fsnomed.info%2Fsct%7C228273003"/>
  </input>
  <input>
    <type>
      <coding>
        <system value="http://snomed.info/sct"/>
        <code value="365980008"/>
        <display value="Finding of tobacco use and exposure"/>
      </coding>
    </type>
    <valueString value="Observation?code=http%3A%2F%2Fsnomed.info%2Fsct%7C365980008"/>
  </input>
  <input>
    <type>
      <coding>
        <system value="http://snomed.info/sct"/>
        <code value="11816003"/>
        <display value="Diet education"/>
      </coding>
    </type>
    <valueString value="NutritionOrder"/>
  </input>
  <input>
    <type>
      <coding>
        <system value="http://loinc.org"/>
        <code value="75310-3"/>
        <display value="Health concerns Document"/>
      </coding>
    </type>
    <valueString value="Flag"/>
  </input>
  <input>
    <type>
      <coding>
        <system value="http://loinc.org"/>
        <code value="48765-2"/>
        <display value="Allergies and adverse reactions Document"/>
      </coding>
    </type>
    <valueString value="AllergyIntolerance"/>
  </input>
  <input>
    <type>
      <coding>
        <system value="http://snomed.info/sct"/>
        <code value="422979000"/>
        <display value="Medication regimen behavior finding"/>
      </coding>
    </type>
    <valueString value="MedicationStatement?category=urn:oid:2.16.840.1.113883.2.4.3.11.60.20.77.5.3|6&amp;_include=MedicationStatement:medication"/>
  </input>
  <input>
    <type>
      <coding>
        <system value="http://snomed.info/sct"/>
        <code value="16076005"/>
        <display value="Prescription"/>
      </coding>
    </type>
    <valueString value="MedicationRequest?category=http%3A%2F%2Fsnomed.info%2Fsct%7C16076005&amp;_include=MedicationRequest:medication"/>
  </input>
  <input>
    <type>
      <coding>
        <system value="http://snomed.info/sct"/>
        <code value="422037009"/>
        <display value="Provider medication administration instructions"/>
      </coding>
    </type>
    <valueString value="MedicationDispense?category=http%3A%2F%2Fsnomed.info%2Fsct%7C422037009&amp;_include=MedicationDispense:medication"/>
  </input>
  <input>
    <type>
      <coding>
        <system value="http://loinc.org"/>
        <code value="46264-8"/>
        <display value="History of medical device use"/>
      </coding>
    </type>
    <valueString value="DeviceUseStatement?_include=DeviceUseStatement:device"/>
  </input>
  <input>
    <type>
      <coding>
        <system value="http://loinc.org"/>
        <code value="11369-6"/>
        <display value="History of Immunization Narrative"/>
      </coding>
    </type>
    <valueString value="Immunization?status=completed"/>
  </input>
  <input>
    <type>
      <coding>
        <system value="http://loinc.org"/>
        <code value="85354-9"/>
        <display value="Blood pressure panel with all children optional"/>
      </coding>
    </type>
    <valueString value="Observation/$lastn?code=http://loinc.org|85354-9"/>
  </input>
  <input>
    <type>
      <coding>
        <system value="http://loinc.org"/>
        <code value="29463-7"/>
        <display value="Body weight"/>
      </coding>
    </type>
    <valueString value="Observation/$lastn?code=http://loinc.org|29463-7"/>
  </input>
  <input>
    <type>
      <coding>
        <system value="http://loinc.org"/>
        <code value="8302-2"/>
        <display value="Body height"/>
      </coding>
    </type>
    <valueString value="Observation/$lastn?code=http://loinc.org|8302-2,http://loinc.org|8306-3,http://loinc.org|8308-9"/>
  </input>
  <input>
    <type>
      <coding>
        <system value="http://snomed.info/sct"/>
        <code value="15220000"/>
        <display value="Laboratory test"/>
      </coding>
    </type>
    <valueString value="Observation/$lastn?category=http%3A%2F%2Fsnomed.info%2Fsct%7C275711006&amp;_include=Observation:related-target&amp;_include=Observation:specimen"/>
  </input>
  <input>
    <type>
      <coding>
        <system value="http://loinc.org"/>
        <code value="47519-4"/>
        <display value="History of Procedures Document"/>
      </coding>
    </type>
    <valueString value="Procedure?category=http%3A%2F%2Fsnomed.info%2Fsct%7C387713003"/>
  </input>
  <input>
    <type>
      <coding>
        <system value="http://loinc.org"/>
        <code value="46240-8"/>
        <display value="History of Hospitalizations+Outpatient visits Narrative"/>
      </coding>
    </type>
    <valueString value="Encounter?class=http%3A%2F%hl7.org%2Ffhir%2Fv3%2FActCode%7CIMP,http%3A%2F%hl7.org%2Ffhir%2Fv3%2FActCode%7CACUTE,http%3A%2F%hl7.org%2Ffhir%2Fv3%2FActCode%7CNONAC"/>
  </input>
  <input>
    <type>
      <coding>
        <system value="http://loinc.org"/>
        <code value="18776-5"/>
        <display value="Plan of care note"/>
      </coding>
    </type>
    <valueString value="ProcedureRequest?status=active"/>
  </input>
  <input>
    <type>
      <coding>
        <system value="http://loinc.org"/>
        <code value="18776-5"/>
        <display value="Plan of care note"/>
      </coding>
    </type>
    <valueString value="ImmunizationRecommendation"/>
  </input>
  <input>
    <type>
      <coding>
        <system value="http://loinc.org"/>
        <code value="18776-5"/>
        <display value="Plan of care note"/>
      </coding>
    </type>
    <valueString value="DeviceRequest?status=active&amp;_include=DeviceRequest:device"/>
  </input>
  <input>
    <type>
      <coding>
        <system value="http://loinc.org"/>
        <code value="18776-5"/>
        <display value="Plan of care note"/>
      </coding>
    </type>
    <valueString value="Appointment?status=booked,pending,proposed"/>
  </input>
  <input>
    <type>
      <coding>
        <system value="http://loinc.org"/>
        <code value="77599-9"/>
        <display value="Additional documentation"/>
      </coding>
    </type>
    <valueString value="DocumentReference?status=current"/>
  </input>
</Task>