{
  "resourceType" : "Task",
  "id" : "NewTask",
  "meta" : {
    "profile" : ["https://www.twiin.nl/tanp/StructureDefinition/tanp-task"]
  },
  "text" : {
    "status" : "generated",
    "div" : "<div xmlns=\"http://www.w3.org/1999/xhtml\"><p><b>Generated Narrative: Task</b><a name=\"NewTask\"> </a><a name=\"hcNewTask\"> </a></p><div style=\"display: inline-block; background-color: #d9e0e7; padding: 6px; margin: 4px; border: 1px solid #8da1b4; border-radius: 5px; line-height: 60%\"><p style=\"margin-bottom: 0px\">Resource Task &quot;NewTask&quot; </p><p style=\"margin-bottom: 0px\">Profile: <a href=\"StructureDefinition-tanp-task.html\">TA Notified Pull Notification Task</a></p></div><p><b>identifier</b>: <a href=\"http://terminology.hl7.org/5.5.0/NamingSystem-uri.html\" title=\"As defined by RFC 3986 (http://www.ietf.org/rfc/rfc3986.txt)(with many schemes defined in many RFCs). For OIDs and UUIDs, use the URN form (urn:oid:(note: lowercase) and urn:uuid:). See http://www.ietf.org/rfc/rfc3001.txt and http://www.ietf.org/rfc/rfc4122.txt \r\n\r\nThis oid is used as an identifier II.root to indicate the the extension is an absolute URI (technically, an IRI). Typically, this is used for OIDs and GUIDs. Note that when this OID is used with OIDs and GUIDs, the II.extension should start with urn:oid or urn:uuid: \r\n\r\nNote that this OID is created to aid with interconversion between CDA and FHIR - FHIR uses urn:ietf:rfc:3986 as equivalent to this OID. URIs as identifiers appear more commonly in FHIR.\r\n\r\nThis OID may also be used in CD.codeSystem.\">Uniform Resource Identifier (URI)</a>/urn:uuid:6128cfe7-0e89-4d37-ba90-e4ca3b3fcbbe</p><p><b>groupIdentifier</b>: <a href=\"http://terminology.hl7.org/5.5.0/NamingSystem-uri.html\" title=\"As defined by RFC 3986 (http://www.ietf.org/rfc/rfc3986.txt)(with many schemes defined in many RFCs). For OIDs and UUIDs, use the URN form (urn:oid:(note: lowercase) and urn:uuid:). See http://www.ietf.org/rfc/rfc3001.txt and http://www.ietf.org/rfc/rfc4122.txt \r\n\r\nThis oid is used as an identifier II.root to indicate the the extension is an absolute URI (technically, an IRI). Typically, this is used for OIDs and GUIDs. Note that when this OID is used with OIDs and GUIDs, the II.extension should start with urn:oid or urn:uuid: \r\n\r\nNote that this OID is created to aid with interconversion between CDA and FHIR - FHIR uses urn:ietf:rfc:3986 as equivalent to this OID. URIs as identifiers appear more commonly in FHIR.\r\n\r\nThis OID may also be used in CD.codeSystem.\">Uniform Resource Identifier (URI)</a>/urn:uuid:484639e6-e647-464c-8722-6e8a73cda4e0</p><p><b>status</b>: requested</p><p><b>intent</b>: proposal</p><p><b>code</b>: Pull Notification <span style=\"background: LightGoldenRodYellow; margin: 4px; border: 1px solid khaki\"> (<a href=\"CodeSystem-tanp-codes.html\">TA Notified Pull CodeSystem</a>#pull-notification)</span></p><p><b>for</b>: <span><code>http://fhir.nl/fhir/NamingSystem/bsn</code>/172642863</span></p><p><b>authoredOn</b>: 2023-04-13 15:01:54+0200</p><p><b>requester</b>: <span><code>http://example.com/fhir/NamingSystem/dummy</code>/sending-ehr-system-id</span></p><p><b>owner</b>: <span><code>http://example.com/fhir/NamingSystem/dummy</code>/receiving-organization-id</span></p><h3>Restrictions</h3><table class=\"grid\"><tr><td style=\"display: none\">-</td><td><b>Period</b></td></tr><tr><td style=\"display: none\">*</td><td>?? --&gt; 2023-10-14 15:36:05+0200</td></tr></table><blockquote><p><b>input</b></p><p><b>type</b>: Authorization Base <span style=\"background: LightGoldenRodYellow; margin: 4px; border: 1px solid khaki\"> (<a href=\"CodeSystem-tanp-codes.html\">TA Notified Pull CodeSystem</a>#authorization-base)</span></p><p><b>value</b>: ZGFhNDFjY2MtZGFmMi00YjZkLThiNDYtN2JlZDk1MWEyYzk2</p></blockquote><blockquote><p><b>input</b></p><p><b>type</b>: Read resource <span style=\"background: LightGoldenRodYellow; margin: 4px; border: 1px solid khaki\"> (<a href=\"CodeSystem-tanp-codes.html\">TA Notified Pull CodeSystem</a>#read-resource)</span></p><p><b>value</b>: <a href=\"Observation-SomeObservation.html\">Observation/SomeObservation</a></p></blockquote><blockquote><p><b>input</b></p><p><b>type</b>: Additional documentation <span style=\"background: LightGoldenRodYellow; margin: 4px; border: 1px solid khaki\"> (<a href=\"https://loinc.org/\">LOINC</a>#77599-9)</span></p><p><b>value</b>: DocumentReference?status=current</p></blockquote></div>"
  },
  "identifier" : [{
    "system" : "urn:ietf:rfc:3986",
    "value" : "urn:uuid:6128cfe7-0e89-4d37-ba90-e4ca3b3fcbbe"
  }],
  "groupIdentifier" : {
    "system" : "urn:ietf:rfc:3986",
    "value" : "urn:uuid:484639e6-e647-464c-8722-6e8a73cda4e0"
  },
  "status" : "requested",
  "intent" : "proposal",
  "code" : {
    "coding" : [{
      "system" : "https://www.twiin.nl/tanp/CodeSystem/tanp-codes",
      "code" : "pull-notification"
    }]
  },
  "for" : {
    "identifier" : {
      "system" : "http://fhir.nl/fhir/NamingSystem/bsn",
      "value" : "172642863"
    }
  },
  "authoredOn" : "2023-04-13T15:01:54+02:00",
  "requester" : {
    "identifier" : {
      "system" : "http://example.com/fhir/NamingSystem/dummy",
      "value" : "sending-ehr-system-id"
    }
  },
  "owner" : {
    "identifier" : {
      "system" : "http://example.com/fhir/NamingSystem/dummy",
      "value" : "receiving-organization-id"
    }
  },
  "restriction" : {
    "period" : {
      "end" : "2023-10-14T15:36:05+02:00"
    }
  },
  "input" : [{
    "type" : {
      "coding" : [{
        "system" : "https://www.twiin.nl/tanp/CodeSystem/tanp-codes",
        "code" : "authorization-base"
      }]
    },
    "valueString" : "ZGFhNDFjY2MtZGFmMi00YjZkLThiNDYtN2JlZDk1MWEyYzk2"
  },
  {
    "type" : {
      "coding" : [{
        "system" : "https://www.twiin.nl/tanp/CodeSystem/tanp-codes",
        "code" : "read-resource",
        "display" : "Read resource"
      }]
    },
    "valueReference" : {
      "reference" : "Observation/SomeObservation"
    }
  },
  {
    "type" : {
      "coding" : [{
        "system" : "http://loinc.org",
        "code" : "77599-9",
        "display" : "Additional documentation"
      }]
    },
    "valueString" : "DocumentReference?status=current"
  }]
}