<?xml version="1.0" encoding="UTF-8"?>

<Bundle xmlns="http://hl7.org/fhir">
  <id value="d876b1db-c8ae-4a73-a059-7ae691de96f9"/>
  <meta>
    <lastUpdated value="2024-05-10T11:59:16.016+02:00"/>
  </meta>
  <type value="collection"/>
  <entry>
    <fullUrl value="https://www.twiin.nl/tanp/ValueSet/tanp-taskparametervalues"/>
    <resource>
      <ValueSet>
        <text>
          <status value="generated"/>
          <div xmlns="http://www.w3.org/1999/xhtml">
            <p style="border: maroon 1px solid; background-color: #FFCCCC; font-weight: bold; padding: 8px">This value set cannot be expanded because of the way it is defined - it has an infinite number of members.</p>
            <table class="codes">
              <tr>
                <td style="white-space:nowrap">
                  <b>Code</b>
                </td>
                <td>
                  <b>System</b>
                </td>
                <td>
                  <b>Display</b>
                </td>
              </tr>
            </table>
          </div>
        </text>
        <url value="https://www.twiin.nl/tanp/ValueSet/tanp-taskparametervalues"/>
        <version value="0.1.0"/>
        <name value="TanpTaskParameterValues"/>
        <title value="TA Notified Pull Notification Task Parameters"/>
        <status value="draft"/>
        <experimental value="true"/>
        <date value="2024-05-10T11:06:38+02:00"/>
        <expansion>
          <extension url="http://hl7.org/fhir/StructureDefinition/valueset-toocostly">
            <valueBoolean value="true"/>
          </extension>
          <identifier value="urn:uuid:7c434ac3-8ee3-4332-aac8-726255c594b0"/>
          <timestamp value="2024-05-10T09:07:09.529Z"/>
          <total value="0"/>
          <offset value="0"/>
          <parameter>
            <name value="limitedExpansion"/>
            <valueBoolean value="true"/>
          </parameter>
          <parameter>
            <name value="excludeNested"/>
            <valueBoolean value="false"/>
          </parameter>
          <parameter>
            <name value="offset"/>
            <valueInteger value="0"/>
          </parameter>
          <parameter>
            <name value="count"/>
            <valueInteger value="1000"/>
          </parameter>
        </expansion>
      </ValueSet>
    </resource>
  </entry>
  <entry>
    <fullUrl value="https://www.twiin.nl/tanp/ValueSet/tanp-taskvalues"/>
    <resource>
      <ValueSet>
        <text>
          <status value="generated"/>
          <div xmlns="http://www.w3.org/1999/xhtml">
            <p style="border: black 1px dotted; background-color: #EEEEEE; padding: 8px; margin-bottom: 8px">Expansion based on 
              <a href="CodeSystem-tanp-codes.html">codesystem TA Notified Pull CodeSystem v0.1.0 (CodeSystem)</a>
            </p>
            <p>This value set contains 1 concepts.</p>
            <table class="codes">
              <tr>
                <td style="white-space:nowrap">
                  <b>Code</b>
                </td>
                <td>
                  <b>System</b>
                </td>
                <td>
                  <b>Display</b>
                </td>
              </tr>
              <tr>
                <td style="white-space:nowrap">
                  <a name="https---www.twiin.nl-tanp-CodeSystem-tanp-codes-pull-notification"> </a>  
                  <a href="CodeSystem-tanp-codes.html#tanp-codes-pull-notification">pull-notification</a>
                </td>
                <td>https://www.twiin.nl/tanp/CodeSystem/tanp-codes</td>
                <td>Pull Notification</td>
              </tr>
            </table>
          </div>
        </text>
        <url value="https://www.twiin.nl/tanp/ValueSet/tanp-taskvalues"/>
        <version value="0.1.0"/>
        <name value="TanpTaskValues"/>
        <title value="TA Notified Pull Notification Task"/>
        <status value="draft"/>
        <experimental value="true"/>
        <date value="2024-05-10T11:59:16+02:00"/>
        <expansion>
          <identifier value="urn:uuid:cd8733ce-113b-4d1b-b8dc-1ea2176b3f05"/>
          <timestamp value="2024-05-10T11:59:47+02:00"/>
          <total value="1"/>
          <offset value="0"/>
          <parameter>
            <name value="count"/>
            <valueInteger value="1000"/>
          </parameter>
          <parameter>
            <name value="offset"/>
            <valueInteger value="0"/>
          </parameter>
          <parameter>
            <name value="excludeNested"/>
            <valueBoolean value="false"/>
          </parameter>
          <parameter>
            <name value="used-codesystem"/>
            <valueUri value="https://www.twiin.nl/tanp/CodeSystem/tanp-codes|0.1.0"/>
          </parameter>
          <contains>
            <system value="https://www.twiin.nl/tanp/CodeSystem/tanp-codes"/>
            <code value="pull-notification"/>
            <display value="Pull Notification"/>
          </contains>
        </expansion>
      </ValueSet>
    </resource>
  </entry>
</Bundle>