{
  "resourceType" : "Bundle",
  "id" : "d876b1db-c8ae-4a73-a059-7ae691de96f9",
  "meta" : {
    "lastUpdated" : "2024-05-10T11:59:16.016+02:00"
  },
  "type" : "collection",
  "entry" : [{
    "fullUrl" : "https://www.twiin.nl/tanp/ValueSet/tanp-taskparametervalues",
    "resource" : {
      "resourceType" : "ValueSet",
      "text" : {
        "status" : "generated",
        "div" : "<div xmlns=\"http://www.w3.org/1999/xhtml\"><p style=\"border: maroon 1px solid; background-color: #FFCCCC; font-weight: bold; padding: 8px\">This value set cannot be expanded because of the way it is defined - it has an infinite number of members.</p><table class=\"codes\"><tr><td style=\"white-space:nowrap\"><b>Code</b></td><td><b>System</b></td><td><b>Display</b></td></tr></table></div>"
      },
      "url" : "https://www.twiin.nl/tanp/ValueSet/tanp-taskparametervalues",
      "version" : "0.1.0",
      "name" : "TanpTaskParameterValues",
      "title" : "TA Notified Pull Notification Task Parameters",
      "status" : "draft",
      "experimental" : true,
      "date" : "2024-05-10T11:06:38+02:00",
      "expansion" : {
        "extension" : [{
          "url" : "http://hl7.org/fhir/StructureDefinition/valueset-toocostly",
          "valueBoolean" : true
        }],
        "identifier" : "urn:uuid:7c434ac3-8ee3-4332-aac8-726255c594b0",
        "timestamp" : "2024-05-10T09:07:09.529Z",
        "total" : 0,
        "offset" : 0,
        "parameter" : [{
          "name" : "limitedExpansion",
          "valueBoolean" : true
        },
        {
          "name" : "excludeNested",
          "valueBoolean" : false
        },
        {
          "name" : "offset",
          "valueInteger" : 0
        },
        {
          "name" : "count",
          "valueInteger" : 1000
        }]
      }
    }
  },
  {
    "fullUrl" : "https://www.twiin.nl/tanp/ValueSet/tanp-taskvalues",
    "resource" : {
      "resourceType" : "ValueSet",
      "text" : {
        "status" : "generated",
        "div" : "<div xmlns=\"http://www.w3.org/1999/xhtml\"><p style=\"border: black 1px dotted; background-color: #EEEEEE; padding: 8px; margin-bottom: 8px\">Expansion based on <a href=\"CodeSystem-tanp-codes.html\">codesystem TA Notified Pull CodeSystem v0.1.0 (CodeSystem)</a></p><p>This value set contains 1 concepts.</p><table class=\"codes\"><tr><td style=\"white-space:nowrap\"><b>Code</b></td><td><b>System</b></td><td><b>Display</b></td></tr><tr><td style=\"white-space:nowrap\"><a name=\"https---www.twiin.nl-tanp-CodeSystem-tanp-codes-pull-notification\"> </a>\u00a0\u00a0<a href=\"CodeSystem-tanp-codes.html#tanp-codes-pull-notification\">pull-notification</a></td><td>https://www.twiin.nl/tanp/CodeSystem/tanp-codes</td><td>Pull Notification</td></tr></table></div>"
      },
      "url" : "https://www.twiin.nl/tanp/ValueSet/tanp-taskvalues",
      "version" : "0.1.0",
      "name" : "TanpTaskValues",
      "title" : "TA Notified Pull Notification Task",
      "status" : "draft",
      "experimental" : true,
      "date" : "2024-05-10T11:59:16+02:00",
      "expansion" : {
        "identifier" : "urn:uuid:cd8733ce-113b-4d1b-b8dc-1ea2176b3f05",
        "timestamp" : "2024-05-10T11:59:47+02:00",
        "total" : 1,
        "offset" : 0,
        "parameter" : [{
          "name" : "count",
          "valueInteger" : 1000
        },
        {
          "name" : "offset",
          "valueInteger" : 0
        },
        {
          "name" : "excludeNested",
          "valueBoolean" : false
        },
        {
          "name" : "used-codesystem",
          "valueUri" : "https://www.twiin.nl/tanp/CodeSystem/tanp-codes|0.1.0"
        }],
        "contains" : [{
          "system" : "https://www.twiin.nl/tanp/CodeSystem/tanp-codes",
          "code" : "pull-notification",
          "display" : "Pull Notification"
        }]
      }
    }
  }]
}