{"resourceType":"ValueSet","id":"tanp-taskvalues","text":{"status":"generated","div":"<div xmlns=\"http://www.w3.org/1999/xhtml\"><ul><li>Include these codes as defined in <a href=\"CodeSystem-tanp-codes.html\"><code>https://www.twiin.nl/tanp/CodeSystem/tanp-codes</code></a><table class=\"none\"><tr><td style=\"white-space:nowrap\"><b>Code</b></td><td><b>Display</b></td></tr><tr><td><a href=\"CodeSystem-tanp-codes.html#tanp-codes-pull-notification\">pull-notification</a></td><td>Pull Notification</td></tr></table></li></ul></div>"},"url":"https://www.twiin.nl/tanp/ValueSet/tanp-taskvalues","version":"0.1.0","name":"TanpTaskValues","title":"TA Notified Pull Notification Task","status":"draft","experimental":true,"date":"2024-05-10T11:59:16+02:00","publisher":"Example Publisher","contact":[{"name":"Example Publisher","telecom":[{"system":"url","value":"http://example.org/example-publisher"}]}],"description":"The codes for the TA Notified Pull Notification Task","compose":{"include":[{"system":"https://www.twiin.nl/tanp/CodeSystem/tanp-codes","concept":[{"code":"pull-notification","display":"Pull Notification"}]}]}}