{
  "resourceType" : "Patient",
  "id" : "SomePatient",
  "text" : {
    "status" : "generated",
    "div" : "<div xmlns=\"http://www.w3.org/1999/xhtml\"><p style=\"border: 1px #661aff solid; background-color: #e6e6ff; padding: 10px;\"><b>Teun Test </b> (no stated gender), DoB Unknown ( <code>http://example.com/fhir/NamingSystem/bsn</code>/172642863)</p><hr/></div>"
  },
  "identifier" : [{
    "system" : "http://example.com/fhir/NamingSystem/bsn",
    "value" : "172642863"
  }],
  "name" : [{
    "family" : "Test",
    "given" : ["Teun"]
  }]
}